Num,SVM- Sentiment,c#Naive Bayes - Sentiment
643,1,1
644,0,0
645,1,1
646,0,0
647,0,0
648,1,1
649,0,1
650,1,1
651,0,0
652,1,1
653,1,1
654,1,1
655,1,0
656,0,0
657,1,1
658,1,1
659,0,1
660,1,1
661,1,1
662,0,0
663,1,1
664,0,0
665,1,1
666,1,1
667,1,1
668,0,1
669,1,1
670,0,0
671,1,0
672,0,0
673,0,0
674,1,1
675,1,1
676,0,0
677,0,0
678,0,0
679,1,1
680,0,0
681,0,0
682,0,0
683,0,1
684,1,1
685,0,0
686,0,0
687,0,0
688,0,0
689,0,0
690,0,0
691,0,0
692,0,0
693,1,1
694,0,1
695,0,0
696,0,0
697,0,0
698,0,0
699,0,0
700,0,1
701,0,1
702,0,1
703,0,1
704,0,0
705,0,0
706,0,0
707,0,0
708,0,1
709,0,1
710,1,1
711,1,0
712,1,0
713,1,0
714,1,0
715,0,0
716,0,1
717,1,0
718,1,0
719,0,1
720,1,1
721,1,1
722,1,1
723,1,1
724,1,1
725,0,0
726,1,0
727,1,0
728,0,0
729,0,0
730,1,0
731,1,1
732,1,0
733,1,1
734,1,1
735,0,1
736,1,1
737,1,1
738,1,1
739,1,1
740,0,0
741,0,0
742,0,0
743,0,0
744,0,0
745,0,0
746,1,1
747,0,0
748,0,0
749,0,0
750,1,0
751,0,0
752,0,0
753,0,0
754,0,0
755,0,0
756,0,0
757,0,0
758,0,0
759,0,1
760,0,0
761,0,0
762,0,0
763,0,0
764,0,0
765,0,0
766,0,0
767,0,0
768,1,1
769,1,0
770,0,0
771,0,0
772,1,1
773,0,0
774,1,0
775,0,0
776,0,0
777,0,0
778,0,0
779,0,0
780,0,0
781,0,0
782,0,0
783,0,0
784,0,0
785,0,0
786,0,0
787,0,1
788,0,0
789,0,0
790,0,1
791,0,1
792,0,0
793,1,1
794,1,1
795,1,1
796,1,0
797,1,0
798,1,1
799,1,1
800,1,1
801,1,1
802,1,1
803,0,0
804,0,0
805,0,0
806,0,0
807,0,0
808,0,0
809,1,1
810,0,0
811,0,1
812,0,0
813,0,0
814,0,0
815,0,1
816,0,1
817,0,0
818,0,1
819,0,0
820,0,1
821,0,1
822,0,1
823,0,1
824,0,0
825,0,1
826,0,0
827,0,0
828,0,0
829,0,0
830,0,0
831,0,0
832,0,0
833,0,0
834,0,0
835,0,0
836,0,0
837,0,0
838,0,0
839,0,0
840,0,0
841,0,0
842,1,0
843,0,0
844,0,0
845,0,0
846,0,0
847,0,0
848,0,0
849,0,0
850,1,1
851,0,1
852,1,0
853,1,1
854,0,0
855,1,1
856,0,1
857,0,0
858,1,0
859,0,0
860,0,1
861,1,1
862,0,0
863,0,0
864,0,0
865,0,0
866,1,0
867,1,1
868,0,0
869,1,0
870,1,1
871,0,0
872,0,0
873,1,1
874,0,1
875,0,1
876,0,0
877,0,0
878,0,1
879,1,0
880,0,0
881,0,0
882,0,0
883,1,1
884,0,0
885,0,0
886,0,0
887,0,0
888,0,0
889,0,0
890,1,0
891,1,1
892,0,0
893,0,0
894,1,1
895,0,0
896,0,0
897,0,0
898,0,0
899,0,0
900,0,0
901,1,1
902,0,0
903,0,0
904,0,0
905,0,0
906,0,0
907,0,1
908,1,1
909,0,0
910,0,0
911,0,0
912,0,0
913,0,0
914,1,0
915,0,0
916,0,0
917,1,0
918,0,0
919,0,0
920,0,0
921,1,1
922,0,0
923,1,0
924,1,1
925,0,0
926,1,1
927,0,1
928,1,1
929,1,0
930,0,0
931,0,0
932,0,0
933,0,0
934,1,0
935,0,0
936,0,0
937,1,1
938,1,1
939,1,1
940,0,0
941,0,0
942,1,1
943,1,1
944,1,0
945,0,0
946,0,0
947,0,0
948,1,1
949,1,1
950,1,0
951,1,1
952,1,1
953,1,0
954,0,0
955,0,0
956,0,0
957,0,1
958,0,0
959,1,0
960,0,0
961,1,1
962,1,1
963,0,0
964,0,0
965,0,0
966,1,1
967,0,0
968,0,0
969,0,0
970,1,0
971,0,0
972,0,0
973,0,1
974,0,0
975,0,1
976,0,0
977,0,0
978,0,1
979,0,0
980,0,0
981,0,0
982,0,0
983,0,0
984,0,1
985,1,0
986,0,0
987,0,0
988,0,0
989,0,0
990,1,1
991,0,0
992,0,1
993,0,0
994,0,0
995,0,1
996,0,1
997,1,1
998,0,0
999,0,0
1000,0,0
1001,1,0
1002,0,0
1003,0,0
1004,0,0
1005,0,0
1006,0,0
1007,0,0
1008,0,0
1009,1,0
1010,1,1
1011,1,0
1012,1,1
1013,1,0
1014,1,0
1015,1,1
1016,0,0
1017,0,0
1018,0,0
1019,0,0
1020,0,0
1021,1,0
1022,1,0
1023,0,1
1024,1,1
1025,0,0
1026,1,0
1027,0,0
1028,0,0
1029,0,0
1030,1,1
1031,0,0
1032,0,0
1033,0,0
1034,0,0
1035,0,0
1036,0,0
1037,0,0
1038,0,1
1039,0,0
1040,0,0
1041,1,0
1042,0,0
1043,0,0
1044,0,0
1045,0,0
1046,0,0
1047,0,0
1048,1,0
1049,0,0
1050,0,0
1051,0,0
1052,0,1
1053,0,1
1054,1,0
1055,1,1
1056,1,0
1057,0,0
1058,1,0
1059,0,0
1060,0,0
1061,0,1
1062,1,1
1063,0,1
1064,0,0
1065,0,0
1066,0,0
1067,0,0
1068,0,1
1069,0,0
1070,0,0
1071,1,1
1072,0,1
1073,1,1
1074,0,1
1075,1,1
1076,1,1
1077,1,1
1078,0,0
1079,1,1
1080,1,1
1081,1,0
1082,0,0
1083,0,1
1084,0,0
1085,1,0
1086,0,0
1087,0,0
1088,0,0
1089,1,0
1090,1,0
1091,0,0
1092,0,0
1093,0,0
1094,0,0
1095,1,1
1096,0,1
1097,0,1
1098,0,0
1099,1,0
1100,1,0
1101,0,0
1102,1,1
1103,0,0
1104,0,0
1105,0,0
1106,0,0
1107,0,0
1108,1,1
1109,0,0
1110,0,0
1111,0,0
1112,0,0
1113,1,0
1114,1,0
1115,1,1
1116,1,1
1117,1,1
1118,1,1
1119,1,1
1120,1,1
1121,1,0
1122,0,0
1123,1,1
1124,0,1
1125,0,0
1126,0,0
1127,0,1
1128,0,0
1129,0,0
1130,0,0
1131,0,0
1132,1,1
1133,1,1
1134,1,1
1135,0,0
1136,0,0
1137,1,0
1138,0,0
1139,0,0
1140,0,0
1141,0,0
1142,0,0
1143,1,1
1144,0,0
1145,1,1
1146,0,0
1147,1,1
1148,1,1
1149,1,1
1150,1,0
1151,1,1
1152,0,1
1153,1,1
1154,1,1
1155,0,0
1156,1,1
1157,1,1
1158,0,0
1159,1,1
1160,1,1
1161,0,0
1162,1,1
1163,1,1
1164,0,0
1165,1,1
1166,1,1
1167,0,0
1168,0,0
1169,0,0
1170,0,0
1171,1,1
1172,1,0
1173,1,1
1174,0,0
1175,0,0
1176,1,0
1177,1,1
1178,0,1
1179,1,0
1180,1,0
1181,0,0
1182,0,0
1183,0,0
1184,0,0
1185,1,0
1186,0,1
1187,1,1
1188,0,0
1189,1,0
1190,1,1
1191,0,1
1192,0,1
1193,1,1
1194,0,0
1195,1,0
1196,0,0
1197,1,1
1198,0,0
1199,1,1
1200,1,1
1201,0,0
1202,0,0
1203,0,0
1204,1,0
1205,0,0
1206,0,0
1207,0,0
1208,1,0
1209,0,0
1210,0,0
1211,0,0
1212,0,0
1213,0,0
1214,0,1
1215,1,1
1216,0,0
1217,0,0
1218,0,1
1219,0,0
1220,0,0
1221,0,0
1222,0,0
1223,0,0
1224,0,0
1225,1,0
1226,1,1
1227,0,0
1228,1,1
1229,1,0
1230,0,1
1231,0,1
1232,1,0
1233,1,0
1234,1,0
1235,0,0
1236,0,0
1237,0,0
1238,1,1
1239,1,1
1240,1,1
1241,0,0
1242,1,1
1243,0,0
1244,0,0
1245,0,0
1246,0,1
1247,0,0
1248,1,0
1249,0,0
1250,0,0
1251,0,0
1252,0,0
1253,0,0
1254,1,1
1255,0,0
1256,0,0
1257,0,0
1258,0,0
1259,0,0
1260,0,1
1261,0,1
1262,0,0
1263,0,1
1264,1,0
1265,0,0
1266,0,0
1267,1,1
1268,1,1
1269,0,0
1270,0,0
1271,0,1
1272,1,1
1273,0,0
1274,0,0
1275,0,0
1276,1,1
1277,1,1
1278,0,1
1279,0,1
1280,0,0
1281,0,0
1282,1,0
1283,0,0
1284,0,0
1285,0,0
1286,0,1
1287,0,0
1288,1,1
1289,1,1
1290,1,1
1291,1,1
1292,0,0
1293,0,0
1294,0,0
1295,0,0
1296,0,0
1297,0,1
1298,1,1
1299,0,0
1300,1,1
1301,0,0
1302,1,1
1303,1,0
1304,0,0
1305,0,0
1306,1,0
1307,1,0
1308,1,1
1309,1,0
1310,1,1
1311,1,1
1312,1,0
1313,0,0
1314,0,0
1315,0,0
1316,1,0
1317,0,0
1318,0,0
1319,0,0
1320,0,0
1321,0,0
1322,0,1
1323,1,1
1324,0,0
1325,0,0
1326,1,0
1327,0,0
1328,1,1
1329,1,1
1330,1,1
1331,0,0
1332,1,1
1333,0,0
1334,1,0
1335,1,0
1336,0,0
1337,1,1
1338,0,0
1339,1,1
1340,1,1
1341,0,0
1342,0,1
1343,1,0
1344,1,1
1345,1,1
1346,1,0
1347,0,0
1348,1,1
1349,1,1
1350,0,0
1351,1,1
1352,1,1
1353,1,0
1354,0,0
1355,0,0
1356,0,0
1357,1,0
1358,0,0
1359,0,0
1360,0,0
1361,0,0
1362,0,0
1363,0,0
1364,0,0
1365,0,0
1366,0,0
1367,1,0
1368,0,0
1369,0,0
1370,1,1
1371,0,0
1372,1,1
1373,1,0
1374,1,0
1375,0,0
1376,1,1
1377,1,0
1378,0,0
1379,1,1
1380,0,0
1381,1,1
1382,1,1
1383,1,1
1384,1,0
1385,0,0
1386,1,1
1387,1,0
1388,1,1
1389,1,0
1390,0,0
1391,0,0
1392,0,0
1393,0,0
1394,0,0
1395,0,0
1396,0,0
1397,0,0
1398,0,0
1399,0,0
1400,0,0
1401,1,1
1402,1,0
1403,1,0
1404,0,0
1405,1,1
1406,0,0
1407,1,0
1408,0,0
1409,0,0
1410,0,0
1411,0,0
1412,0,0
1413,0,0
1414,0,0
1415,0,0
1416,0,0
1417,0,0
1418,1,0
1419,0,0
1420,1,0
1421,0,1
1422,0,0
1423,0,0
1424,0,0
1425,0,0
1426,1,0
1427,0,1
1428,1,1
1429,0,1
1430,0,0
1431,1,0
1432,0,1
1433,0,0
1434,1,0
1435,1,0
1436,0,0
1437,0,0
1438,0,0
1439,0,0
1440,1,1
1441,1,1
1442,1,1
1443,1,0
1444,0,0
1445,0,1
1446,1,0
1447,0,1
1448,0,1
1449,0,0
1450,0,0
1451,1,0
1452,0,1
1453,0,0
1454,0,1
1455,1,1
1456,0,0
1457,0,0
1458,0,0
1459,0,0
1460,0,1
1461,0,0
1462,0,1
1463,0,0
1464,1,0
1465,1,1
1466,1,1
1467,0,0
1468,0,0
1469,0,0
1470,0,0
1471,0,0
1472,0,0
1473,1,1
1474,0,0
1475,1,1
1476,1,0
1477,0,0
1478,0,1
1479,0,0
1480,1,0
1481,1,0
1482,0,0
1483,0,0
1484,0,0
1485,0,0
1486,0,0
1487,0,0
1488,0,0
1489,1,1
1490,1,1
1491,1,1
1492,1,1
1493,0,0
1494,0,0
1495,0,0
1496,1,0
1497,0,0
1498,0,0
1499,0,0
1500,0,0
1501,0,0
1502,1,1
1503,1,1
1504,1,1
1505,0,0
1506,1,1
1507,0,1
1508,1,1
1509,1,0
1510,1,1
1511,1,1
1512,1,1
1513,0,1
1514,1,1
1515,0,0
1516,1,1
1517,1,1
1518,0,1
1519,1,1
1520,0,1
1521,1,1
1522,0,0
1523,0,0
1524,0,0
1525,0,0
1526,0,0
1527,0,0
1528,1,0
1529,0,1
1530,1,1
1531,0,0
1532,0,1
1533,0,0
1534,0,0
1535,1,0
1536,0,0
1537,0,0
1538,0,1
1539,0,0
1540,0,0
1541,1,0
1542,1,0
1543,1,1
1544,1,1
1545,1,1
1546,0,0
1547,0,0
1548,1,1
1549,0,0
1550,0,0
1551,0,0
1552,0,0
1553,1,1
1554,1,1
1555,1,1
1556,0,0
1557,1,0
1558,0,0
1559,1,1
1560,0,0
1561,0,0
1562,1,0
1563,0,1
1564,0,0
1565,1,1
1566,0,1
1567,0,1
1568,0,0
1569,0,0
1570,0,1
1571,0,0
1572,0,1
1573,0,0
1574,1,1
1575,0,0
1576,0,0
1577,1,1
1578,0,0
1579,0,0
1580,0,0
1581,0,0
1582,0,0
1583,0,0
1584,0,1
1585,0,0
1586,1,0
1587,0,0
1588,0,0
1589,0,0
1590,1,0
1591,0,0
1592,1,0
1593,0,0
1594,0,1
1595,0,1
1596,0,1
1597,0,1
1598,1,1
1599,0,0
1600,0,0
1601,0,1
1602,1,0
1603,0,1
1604,0,0
1605,0,0
1606,0,0
1607,0,0
1608,0,1
1609,0,0
1610,0,0
1611,0,0
1612,0,1
1613,0,0
1614,1,0
1615,1,1
1616,1,1
1617,0,0
1618,0,0
1619,0,0
1620,1,0
1621,0,0
1622,0,0
1623,0,0
1624,1,0
1625,0,0
1626,0,1
1627,0,0
1628,0,0
1629,0,0
1630,0,0
1631,0,0
1632,1,1
1633,0,0
1634,0,0
1635,0,1
1636,0,0
1637,0,0
1638,0,0
1639,1,0
1640,0,1
1641,0,0
1642,0,1
1643,0,0
1644,0,1
1645,1,1
1646,1,0
1647,1,1
1648,0,0
1649,1,1
1650,1,1
1651,0,0
1652,0,0
1653,0,1
1654,1,1
1655,0,1
1656,0,0
1657,1,0
1658,0,0
1659,1,1
1660,1,0
1661,0,0
1662,0,0
1663,1,0
1664,1,0
1665,0,0
1666,0,0
1667,1,1
1668,1,1
1669,0,0
1670,0,1
1671,1,1
1672,0,0
1673,0,0
1674,1,1
1675,1,1
1676,1,0
1677,0,1
1678,1,0
1679,0,1
1680,1,1
1681,0,1
1682,1,1
1683,1,1
1684,1,1
1685,1,0
1686,1,1
1687,0,0
1688,1,1
1689,1,0
1690,1,1
1691,1,1
1692,0,1
1693,0,0
1694,0,1
1695,0,0
1696,0,0
1697,1,1
1698,1,0
1699,1,1
1700,0,0
1701,1,1
1702,0,1
1703,0,0
1704,1,0
1705,1,1
1706,0,0
1707,0,0
1708,1,1
1709,1,1
1710,0,0
1711,1,1
1712,0,0
1713,1,1
1714,0,0
1715,1,1
1716,0,1
1717,0,0
1718,0,1
1719,0,0
1720,0,0
1721,0,0
1722,0,0
1723,0,1
1724,1,0
1725,1,0
1726,1,1
1727,0,0
1728,1,1
1729,0,0
1730,1,1
1731,0,1
1732,0,0
1733,0,0
1734,0,0
1735,0,1
1736,0,0
1737,0,1
1738,0,0
1739,1,0
1740,0,1
1741,1,0
1742,1,0
1743,1,0
1744,1,0
1745,1,1
1746,1,1
1747,0,0
1748,0,0
1749,0,1
1750,0,0
1751,1,1
1752,0,0
1753,1,1
1754,0,0
1755,0,0
1756,1,0
1757,0,1
1758,0,1
1759,0,0
1760,0,0
1761,0,0
1762,0,0
1763,0,0
1764,0,1
1765,1,1
1766,1,0
1767,1,0
1768,0,0
1769,0,0
1770,0,0
1771,0,0
1772,0,0
1773,1,1
1774,0,0
1775,0,0
1776,1,0
1777,0,0
1778,0,0
1779,0,0
1780,1,0
1781,1,1
1782,0,1
1783,0,0
1784,0,1
1785,0,0
1786,0,0
1787,0,0
1788,0,0
1789,0,1
1790,0,1
1791,1,0
1792,0,0
1793,1,1
1794,0,1
1795,1,1
1796,0,0
1797,0,0
1798,0,0
1799,0,1
1800,0,0
1801,1,1
1802,0,0
1803,1,1
1804,1,0
1805,0,0
1806,0,1
1807,1,0
1808,1,0
1809,0,0
1810,0,0
1811,0,1
1812,0,0
1813,0,0
1814,0,1
1815,0,0
1816,0,0
1817,1,0
1818,1,1
1819,1,0
1820,1,0
1821,1,0
1822,1,0
1823,0,0
1824,1,1
1825,1,0
1826,1,0
1827,0,0
1828,0,0
1829,1,0
1830,1,1
1831,0,0
1832,1,0
1833,0,0
1834,0,1
1835,0,0
1836,1,0
1837,0,0
1838,1,0
1839,0,0
1840,1,1
1841,1,1
1842,0,0
1843,0,0
1844,0,0
1845,0,0
1846,0,0
1847,0,1
1848,0,0
1849,0,0
1850,0,0
1851,0,0
1852,0,1
1853,0,0
1854,0,0
1855,0,0
1856,0,0
1857,0,0
1858,1,1
1859,0,1
1860,0,1
1861,0,0
1862,0,1
1863,1,1
1864,0,0
1865,0,0
1866,0,0
1867,0,0
1868,0,0
1869,0,0
1870,0,0
1871,0,0
1872,0,0
1873,0,0
1874,0,1
1875,1,0
1876,0,1
1877,1,0
1878,1,0
1879,0,1
1880,0,0
1881,0,1
1882,1,1
1883,1,0
1884,0,0
1885,1,0
1886,0,0
1887,0,1
1888,1,1
1889,0,0
1890,0,1
1891,1,1
1892,0,0
1893,1,0
1894,1,1
1895,0,0
1896,1,0
1897,0,0
1898,0,0
1899,0,0
1900,0,0
1901,0,1
1902,1,0
1903,1,1
1904,1,1
1905,0,0
1906,0,0
1907,0,1
1908,1,1
1909,0,0
1910,0,0
1911,0,1
1912,1,1
1913,1,1
1914,0,1
1915,1,1
1916,0,0
1917,0,0
1918,1,1
1919,0,1
1920,0,0
1921,1,0
1922,0,1
1923,1,1
1924,1,0
1925,1,1
1926,0,0
1927,0,0
1928,0,0
1929,0,0
1930,0,1
1931,0,1
1932,0,0
1933,0,1
1934,1,0
1935,1,0
1936,0,0
1937,1,1
1938,0,0
1939,1,1
1940,0,0
1941,0,1
1942,0,0
1943,0,0
1944,0,1
1945,0,0
1946,0,0
1947,0,0
1948,1,1
1949,0,0
1950,1,1
1951,0,1
1952,0,0
1953,0,0
1954,1,1
1955,0,0
1956,0,0
1957,0,0
1958,0,0
1959,0,0
1960,0,0
1961,1,1
1962,1,0
1963,0,0
1964,0,0
1965,0,0
1966,1,1
1967,0,0
1968,1,0
1969,1,1
1970,0,0
1971,0,1
1972,1,0
1973,1,0
1974,0,1
1975,0,1
1976,1,1
1977,0,1
1978,1,0
1979,1,0
1980,0,0
1981,0,0
1982,0,0
1983,1,0
1984,1,1
1985,0,0
1986,1,0
1987,1,0
1988,0,0
1989,1,1
1990,0,1
1991,0,0
1992,1,1
1993,0,1
1994,1,1
1995,1,0
1996,0,1
1997,0,1
1998,0,0
1999,0,0
2000,0,0
2001,0,1
2002,1,1
2003,0,0
2004,0,0
2005,1,0
2006,0,0
2007,0,1
2008,1,0
2009,1,1
2010,0,0
2011,0,0
2012,0,1
2013,0,0
2014,0,0
2015,0,0
2016,0,0
2017,0,0
2018,0,0
2019,1,0
2020,0,0
2021,0,1
2022,0,0
2023,0,0
2024,0,1
2025,1,0
2026,0,0
2027,0,0
2028,0,0
2029,0,0
2030,0,0
2031,0,0
2032,0,0
2033,0,1
2034,0,1
2035,0,0
2036,0,0
2037,0,1
2038,0,0
2039,1,0
2040,0,1
2041,0,1
2042,1,1
2043,0,0
2044,1,0
2045,0,0
2046,0,0
2047,1,0
2048,0,0
2049,0,0
2050,1,1
2051,0,0
2052,0,0
2053,0,1
2054,0,1
2055,1,1
2056,0,1
2057,0,0
2058,0,0
2059,0,0
2060,0,0
2061,0,0
2062,0,0
2063,1,0
2064,0,0
2065,1,0
2066,0,0
2067,0,0
2068,0,0
2069,0,1
2070,0,0
2071,1,1
2072,0,0
2073,0,0
2074,1,1
2075,1,1
2076,1,1
2077,0,0
2078,0,0
2079,0,0
2080,1,0
2081,1,1
2082,0,1
2083,1,1
2084,0,0
2085,1,1
2086,0,0
2087,0,0
2088,0,1
2089,1,0
2090,1,0
2091,0,1
2092,0,0
2093,0,0
2094,0,0
2095,0,0
2096,0,0
2097,0,0
2098,0,1
2099,0,0
2100,0,0
2101,0,0
2102,0,0
2103,1,0
2104,1,1
2105,1,1
2106,0,0
2107,0,0
2108,0,0
2109,0,0
2110,0,1
2111,0,1
2112,0,0
2113,0,0
2114,1,1
2115,0,0
2116,0,0
2117,0,0
2118,1,0
2119,0,0
2120,1,0
2121,0,0
2122,0,0
2123,1,1
2124,0,0
2125,1,1
2126,0,0
2127,0,0
2128,1,1
2129,0,0
2130,0,0
2131,0,0
2132,0,0
2133,0,0
2134,1,1
2135,0,1
2136,0,0
2137,1,1
2138,1,1
2139,0,1
2140,0,0
2141,0,0
2142,0,0
2143,0,0
2144,1,0
2145,1,1
2146,0,0
2147,0,0
2148,1,1
2149,0,0
2150,0,0
2151,0,1
2152,0,0
2153,1,0
2154,0,0
2155,1,0
2156,1,0
2157,0,0
2158,0,0
2159,1,1
2160,1,1
2161,0,0
2162,1,1
2163,1,1
2164,1,1
2165,0,0
2166,0,0
2167,0,0
2168,1,1
2169,0,0
2170,0,1
2171,0,0
2172,0,1
2173,1,0
2174,0,0
2175,1,1
2176,0,1
2177,0,1
2178,1,1
2179,0,0
2180,0,0
2181,0,0
2182,1,1
2183,0,0
2184,0,0
2185,0,0
2186,0,0
2187,0,0
2188,0,0
2189,1,0
2190,0,1
2191,0,1
2192,0,0
2193,1,1
2194,1,1
2195,1,1
2196,1,0
2197,0,0
2198,0,0
2199,0,0
2200,1,1
2201,0,1
2202,0,1
2203,0,1
2204,0,1
2205,1,1
2206,0,1
2207,0,0
2208,0,0
2209,0,1
2210,0,0
2211,0,0
2212,0,0
2213,1,0
2214,0,0
2215,0,0
2216,0,0
2217,1,1
2218,1,0
2219,0,0
2220,0,1
2221,0,0
2222,0,0
2223,1,1
2224,1,0
2225,0,1
2226,1,0
2227,0,0
2228,1,0
2229,0,1
2230,1,1
2231,1,1
2232,0,0
2233,0,0
2234,1,1
2235,1,1
2236,0,0
2237,0,0
2238,1,1
2239,0,0
2240,1,0
2241,0,0
2242,1,0
2243,0,0
2244,1,0
2245,0,1
2246,1,0
2247,1,1
2248,1,1
2249,1,1
2250,0,0
2251,0,0
2252,0,0
2253,0,0
2254,1,0
2255,0,0
2256,0,0
2257,0,1
2258,0,0
2259,0,0
2260,0,0
2261,0,0
2262,0,0
2263,0,1
2264,1,1
2265,1,1
2266,1,1
2267,0,0
2268,0,0
2269,0,0
2270,0,0
2271,1,1
2272,1,0
2273,0,0
2274,0,0
2275,1,1
2276,0,0
2277,0,0
2278,1,0
2279,1,1
2280,1,0
2281,0,0
2282,0,0
2283,0,0
2284,0,0
2285,0,0
2286,0,0
2287,1,0
2288,0,0
2289,0,0
2290,0,0
2291,0,0
2292,0,0
2293,0,0
2294,0,0
2295,0,0
2296,0,1
2297,1,0
2298,0,0
2299,1,1
2300,0,0
2301,1,0
2302,0,0
2303,0,0
2304,1,0
2305,0,1
2306,1,1
2307,0,1
2308,1,0
2309,0,0
2310,0,0
2311,1,0
2312,0,0
2313,0,1
2314,1,1
2315,0,0
2316,0,0
2317,1,0
2318,0,0
2319,0,0
2320,0,0
2321,1,0
2322,0,0
2323,0,0
2324,0,0
2325,0,0
2326,1,0
2327,0,0
2328,1,1
2329,1,0
2330,0,0
2331,0,0
2332,1,0
2333,0,0
2334,1,1
2335,0,1
2336,0,0
2337,0,0
2338,0,1
2339,1,0
2340,1,0
2341,1,0
2342,0,0
2343,1,0
2344,0,0
2345,0,0
2346,0,0
2347,1,0
2348,0,0
2349,0,0
2350,0,0
2351,0,0
2352,0,0
2353,1,1
2354,0,1
2355,1,0
2356,0,0
2357,0,1
2358,0,0
2359,0,1
2360,0,0
2361,1,0
2362,0,0
2363,0,0
2364,0,0
2365,0,0
2366,1,1
2367,1,1
2368,1,1
2369,0,0
2370,1,0
2371,0,0
2372,0,0
2373,1,1
2374,0,0
2375,1,0
2376,1,0
2377,0,0
2378,0,0
2379,1,1
2380,0,0
2381,0,0
2382,1,1
2383,0,0
2384,0,0
2385,0,0
2386,0,0
2387,1,1
2388,0,0
2389,0,0
2390,0,0
2391,1,0
2392,1,0
2393,0,0
2394,0,0
2395,0,0
2396,1,0
2397,0,0
2398,1,0
2399,0,0
2400,0,0
2401,0,0
2402,0,0
2403,1,0
2404,1,1
2405,0,0
2406,1,1
2407,0,0
2408,0,1
2409,0,1
2410,1,0
2411,0,0
2412,0,1
2413,0,0
2414,0,1
2415,0,0
2416,0,0
2417,0,0
2418,1,1
2419,1,0
2420,0,0
2421,0,0
2422,0,0
2423,0,0
2424,0,0
2425,0,0
2426,0,0
2427,0,0
2428,0,0
2429,0,0
2430,1,1
2431,0,0
2432,0,1
2433,0,0
2434,1,1
2435,0,0
2436,0,0
2437,0,0
2438,0,0
2439,1,1
2440,0,0
2441,1,1
2442,0,0
2443,0,0
2444,1,0
2445,1,0
2446,0,1
2447,0,1
2448,1,0
2449,1,0
2450,0,0
2451,0,1
2452,1,0
2453,0,1
2454,1,0
2455,0,1
2456,0,1
2457,0,0
2458,0,0
2459,0,1
2460,0,1
2461,1,0
2462,0,1
2463,1,1
2464,1,0
2465,0,1
2466,0,1
2467,1,1
2468,0,0
2469,1,1
2470,0,0
2471,0,0
2472,0,0
2473,0,0
2474,0,0
2475,0,0
2476,0,0
2477,0,0
2478,0,0
2479,0,0
2480,1,1
2481,0,0
2482,0,0
2483,0,0
2484,0,0
2485,0,0
2486,0,1
2487,0,1
2488,0,0
2489,0,0
2490,1,0
2491,1,0
2492,1,0
2493,1,0
2494,0,0
2495,0,0
2496,0,0
2497,0,0
2498,0,0
2499,0,0
2500,0,0
2501,0,0
2502,1,1
2503,0,1
2504,0,1
2505,1,0
2506,1,0
2507,0,0
2508,0,0
2509,0,0
2510,0,0
2511,1,1
2512,1,1
2513,0,1
2514,1,1
2515,0,0
2516,0,0
2517,0,0
2518,0,0
2519,0,1
2520,0,0
2521,1,1
2522,1,1
2523,1,1
2524,1,1
2525,1,1
2526,1,1
2527,0,1
2528,0,0
2529,0,0
2530,0,0
2531,1,0
2532,1,1
2533,1,1
2534,0,0
2535,0,0
2536,0,0
2537,0,0
2538,0,0
2539,0,0
2540,0,0
2541,0,0
2542,1,1
2543,0,1
2544,0,1
2545,0,0
2546,0,0
2547,0,0
2548,0,0
2549,1,0
2550,0,0
2551,0,0
2552,0,0
2553,0,0
2554,1,1
2555,1,0
2556,1,0
2557,1,1
2558,0,0
2559,0,0
2560,0,0
2561,1,0
2562,1,1
2563,0,0
2564,0,0
2565,0,1
2566,0,0
2567,0,0
2568,0,0
2569,0,0
2570,0,0
2571,1,1
2572,0,0
2573,0,0
2574,0,0
2575,0,1
2576,1,1
2577,0,1
2578,1,1
2579,1,0
2580,1,1
2581,1,1
2582,0,0
2583,0,0
2584,1,0
2585,0,0
2586,1,0
2587,1,0
2588,1,1
2589,0,1
2590,0,0
2591,1,1
2592,0,0
2593,0,0
2594,0,0
2595,1,0
2596,1,1
2597,0,0
2598,0,1
2599,0,0
2600,0,1
2601,0,0
2602,0,0
2603,0,0
2604,1,0
2605,1,0
2606,0,0
2607,0,0
2608,1,0
2609,1,1
2610,0,0
2611,0,0
2612,0,0
2613,1,1
2614,1,1
2615,0,0
2616,0,0
2617,0,0
2618,0,0
2619,0,1
2620,1,0
2621,1,0
2622,1,1
2623,0,0
2624,0,0
2625,1,1
2626,1,1
2627,1,1
2628,1,1
2629,1,0
2630,0,0
2631,0,0
2632,0,0
2633,0,1
2634,1,0
2635,0,0
2636,1,1
2637,0,0
2638,0,0
2639,0,0
2640,0,0
2641,0,0
2642,0,0
2643,0,0
2644,1,0
2645,0,0
2646,1,0
2647,0,1
2648,1,0
2649,1,1
2650,1,1
2651,0,0
2652,0,1
2653,0,0
2654,1,1
2655,0,0
2656,1,0
2657,1,0
2658,1,0
2659,0,0
2660,0,0
2661,0,0
2662,0,0
2663,0,0
2664,0,0
2665,0,0
2666,0,0
2667,0,0
2668,0,0
2669,0,0
2670,1,0
2671,0,0
2672,0,0
2673,1,0
2674,0,0
2675,0,1
2676,0,0
2677,0,0
2678,0,1
2679,1,1
2680,1,0
2681,0,0
2682,0,1
2683,0,0
2684,0,0
2685,0,1
2686,1,1
2687,1,0
2688,1,1
2689,0,0
2690,0,0
2691,1,1
2692,0,0
2693,0,0
2694,0,0
2695,0,0
2696,0,0
2697,1,1
2698,0,1
2699,0,0
2700,0,0
2701,0,0
2702,0,0
2703,0,0
2704,0,0
2705,0,0
2706,0,0
2707,0,0
2708,1,0
2709,0,0
2710,1,0
2711,0,0
2712,0,0
2713,0,1
2714,1,1
2715,0,0
2716,0,0
2717,0,0
2718,0,0
2719,1,1
2720,1,0
2721,1,0
2722,1,0
2723,1,1
2724,0,0
2725,0,0
2726,0,0
2727,1,1
2728,1,1
2729,0,0
2730,0,0
2731,0,0
2732,0,0
2733,0,0
2734,0,0
2735,0,0
2736,0,0
2737,1,1
2738,1,1
2739,0,1
2740,1,1
2741,1,0
2742,0,0
2743,0,0
2744,0,1
2745,1,0
2746,1,1
2747,0,0
2748,1,0
2749,0,1
2750,1,0
2751,1,0
2752,1,0
2753,0,0
2754,1,1
2755,0,0
2756,0,1
2757,0,0
2758,0,0
2759,0,0
2760,1,0
2761,1,1
2762,0,0
2763,0,0
2764,0,0
2765,0,0
2766,1,0
2767,0,0
2768,0,0
2769,1,1
2770,0,0
2771,0,0
2772,1,0
2773,0,0
2774,1,1
2775,0,0
2776,0,0
2777,0,0
2778,1,0
2779,0,0
2780,0,0
2781,0,0
2782,1,1
2783,0,0
2784,0,0
2785,1,0
2786,0,0
2787,0,0
2788,0,0
2789,0,0
2790,1,0
2791,0,1
2792,0,0
2793,1,1
2794,1,1
2795,1,1
2796,0,0
2797,1,0
2798,0,0
2799,1,0
2800,1,1
2801,0,0
2802,0,0
2803,1,1
2804,0,0
2805,0,0
2806,0,0
2807,1,0
2808,0,1
2809,0,0
2810,1,1
2811,1,1
2812,1,0
2813,0,0
2814,0,0
2815,0,0
2816,0,0
2817,0,1
2818,0,0
2819,0,1
2820,0,0
2821,0,0
2822,0,0
2823,1,0
2824,0,0
2825,1,0
2826,0,0
2827,1,0
2828,0,0
2829,0,0
2830,1,1
2831,1,0
2832,1,0
2833,0,1
2834,0,0
2835,0,1
2836,0,0
2837,1,0
2838,0,1
2839,1,1
2840,0,0
2841,0,0
2842,0,1
2843,0,1
2844,0,0
2845,1,0
2846,1,0
2847,1,1
2848,0,0
2849,0,0
2850,1,0
2851,1,1
2852,1,1
2853,0,0
2854,0,1
2855,0,0
2856,1,0
2857,1,1
2858,0,0
2859,0,0
2860,0,0
2861,0,0
2862,0,1
2863,1,1
2864,0,1
2865,0,1
2866,1,1
2867,0,1
2868,1,1
2869,1,1
2870,0,1
2871,0,0
2872,1,0
2873,0,1
2874,0,0
2875,0,0
2876,0,0
2877,0,0
2878,0,0
2879,0,1
2880,0,0
2881,0,1
2882,1,1
2883,1,1
2884,1,0
2885,1,0
2886,0,0
2887,0,0
2888,0,0
2889,0,0
2890,0,0
2891,0,0
2892,1,0
2893,1,1
2894,1,0
2895,0,0
2896,1,0
2897,1,1
2898,0,0
2899,0,0
2900,0,0
2901,0,0
2902,0,0
2903,0,0
2904,1,1
2905,0,0
2906,0,0
2907,1,0
2908,0,0
2909,0,0
2910,1,1
2911,1,1
2912,0,0
2913,0,0
2914,0,1
2915,1,0
2916,0,0
2917,1,0
2918,0,1
2919,1,0
2920,0,0
2921,0,0
2922,0,1
2923,1,0
2924,0,0
2925,1,0
2926,0,0
2927,0,0
2928,1,0
2929,0,0
2930,0,1
2931,0,0
2932,1,1
2933,0,1
2934,1,1
2935,0,0
2936,0,0
2937,1,1
2938,1,1
2939,1,1
2940,0,0
2941,1,0
2942,0,0
2943,0,1
2944,0,0
2945,0,0
2946,0,0
2947,0,0
2948,0,0
2949,1,1
2950,0,0
2951,1,1
2952,1,0
2953,1,0
2954,0,0
2955,0,0
2956,0,0
2957,0,0
2958,0,0
2959,0,0
2960,0,0
2961,0,0
2962,1,0
2963,0,0
2964,0,0
2965,0,0
2966,0,0
2967,0,1
2968,0,0
2969,0,0
2970,0,0
2971,0,1
2972,1,1
2973,0,0
2974,1,0
2975,0,1
2976,1,0
2977,1,0
2978,1,0
2979,1,0
2980,1,1
2981,0,0
2982,0,0
2983,0,1
2984,0,0
2985,0,1
2986,0,0
2987,0,0
2988,0,0
2989,0,0
2990,0,0
2991,1,0
2992,0,0
2993,0,0
2994,0,0
2995,0,0
2996,1,1
2997,1,1
2998,1,1
2999,1,0
3000,0,0
3001,1,0
3002,0,0
3003,0,1
3004,0,0
3005,0,0
3006,0,1
3007,0,0
3008,1,1
3009,1,0
3010,0,0
3011,0,0
3012,0,1
3013,1,0
3014,1,1
3015,1,1
3016,1,0
3017,0,0
3018,0,0
3019,0,1
3020,1,0
3021,1,1
3022,0,0
3023,0,0
3024,0,0
3025,0,0
3026,0,0
3027,0,0
3028,0,0
3029,0,1
3030,0,0
3031,0,1
3032,0,0
3033,1,1
3034,0,0
3035,1,0
3036,0,1
3037,1,1
3038,0,0
3039,0,0
3040,0,0
3041,0,0
3042,0,0
3043,0,0
3044,0,0
3045,0,0
3046,0,1
3047,0,0
3048,0,0
3049,0,0
3050,0,1
3051,0,0
3052,1,1
3053,1,1
3054,0,1
3055,1,1
3056,0,1
3057,1,1
3058,0,0
3059,0,0
3060,1,1
3061,0,1
3062,1,0
3063,1,0
3064,1,0
3065,1,1
3066,0,0
3067,0,0
3068,1,0
3069,1,0
3070,0,0
3071,0,0
3072,0,0
3073,0,0
3074,1,1
3075,0,0
3076,0,0
3077,0,0
3078,1,0
3079,0,0
3080,0,1
3081,1,0
3082,1,1
3083,1,1
3084,1,1
3085,0,0
3086,0,1
3087,1,1
3088,1,1
3089,1,0
3090,1,0
3091,1,1
3092,0,1
3093,1,1
3094,1,1
3095,1,1
3096,1,1
3097,0,0
3098,0,0
3099,1,1
3100,0,0
3101,0,1
3102,1,1
3103,1,0
3104,1,1
3105,0,0
3106,1,0
3107,0,0
3108,0,0
3109,1,1
3110,1,1
3111,1,1
3112,1,1
3113,1,1
3114,1,0
3115,1,0
3116,1,1
3117,0,0
3118,0,0
3119,0,0
3120,0,0
3121,1,0
3122,1,1
3123,0,0
3124,0,1
3125,1,1
3126,1,0
3127,1,1
3128,0,1
3129,0,0
3130,0,0
3131,0,0
3132,0,0
3133,0,0
3134,0,0
3135,0,0
3136,0,0
3137,0,0
3138,0,1
3139,0,0
3140,1,1
3141,1,0
3142,1,1
3143,1,0
3144,0,1
3145,0,0
3146,0,0
3147,0,0
3148,1,1
3149,0,1
3150,0,0
3151,0,1
3152,1,1
3153,1,1
3154,0,0
3155,0,1
3156,1,0
3157,0,0
3158,0,0
3159,0,1
3160,0,0
3161,0,1
3162,0,0
3163,0,0
3164,1,0
3165,0,1
3166,0,0
3167,0,0
3168,0,1
3169,0,0
3170,1,0
3171,0,0
3172,1,1
3173,1,1
3174,1,1
3175,0,0
3176,0,0
3177,0,0
3178,0,1
3179,1,0
3180,0,0
3181,0,0
3182,0,1
3183,0,0
3184,1,1
3185,1,0
3186,1,0
3187,1,1
3188,1,1
3189,0,0
3190,1,1
3191,0,0
3192,0,0
3193,0,0
3194,1,1
3195,1,0
3196,1,1
3197,0,0
3198,0,0
3199,0,0
3200,0,0
3201,1,0
3202,0,1
3203,1,1
3204,1,1
3205,1,0
3206,0,0
3207,0,0
3208,0,0
3209,1,1
3210,0,0
3211,0,0
3212,1,0
3213,1,1
3214,0,1
3215,0,1
3216,1,0
3217,1,1
3218,1,1
3219,0,1
3220,1,1
3221,0,0
3222,0,0
3223,0,0
3224,1,0
3225,0,1
3226,1,0
3227,0,0
3228,1,1
3229,0,0
3230,1,0
3231,1,1
3232,1,1
3233,1,1
3234,1,1
3235,1,0
3236,1,1
3237,1,1
3238,0,1
3239,0,0
3240,0,0
3241,0,0
3242,1,1
3243,0,0
3244,1,0
3245,0,0
3246,0,0
3247,0,0
3248,1,0
3249,0,0
3250,1,1
3251,1,1
3252,0,0
3253,0,0
3254,1,1
3255,0,1
3256,1,1
3257,0,1
3258,0,1
3259,0,1
3260,1,1
3261,1,1
3262,0,1
3263,0,1
3264,0,0
3265,1,0
3266,1,1
3267,0,0
3268,0,1
3269,0,1
3270,0,0
3271,1,1
3272,0,0
3273,0,0
3274,0,1
3275,0,0
3276,0,0
3277,0,0
3278,0,0
3279,0,0
3280,1,1
3281,1,0
3282,0,1
3283,1,0
3284,0,0
3285,0,1
3286,1,0
3287,0,0
3288,0,0
3289,0,0
3290,0,1
3291,0,0
3292,0,0
3293,0,0
3294,0,0
3295,0,0
3296,1,1
3297,0,1
3298,1,1
3299,1,1
3300,0,1
3301,1,1
3302,0,1
3303,1,0
3304,0,0
3305,1,1
3306,0,0
3307,0,0
3308,0,0
3309,0,0
3310,0,1
3311,1,0
3312,0,0
3313,0,0
3314,0,0
3315,1,1
3316,0,0
3317,0,1
3318,1,1
3319,0,0
3320,1,1
3321,1,1
3322,1,1
3323,1,1
3324,0,0
3325,0,0
3326,1,0
3327,0,1
3328,0,0
3329,0,1
3330,0,1
3331,1,1
3332,0,0
3333,0,0
3334,0,0
3335,0,0
3336,0,0
3337,0,0
3338,0,0
3339,0,0
3340,1,1
3341,1,1
3342,0,0
3343,1,1
3344,0,0
3345,1,0
3346,0,0
3347,0,1
3348,1,0
3349,0,1
3350,1,1
3351,1,1
3352,0,0
3353,1,1
3354,1,0
3355,0,1
3356,0,0
3357,0,0
3358,1,0
3359,0,1
3360,0,0
3361,0,1
3362,0,0
3363,1,0
3364,1,0
3365,0,0
3366,0,0
3367,1,1
3368,1,1
3369,0,0
3370,1,1
3371,1,1
3372,0,1
3373,0,0
3374,1,0
3375,0,0
3376,0,0
3377,1,0
3378,1,0
3379,0,0
3380,0,0
3381,1,1
3382,0,1
3383,0,0
3384,0,1
3385,0,0
3386,0,0
3387,0,0
3388,0,0
3389,1,1
3390,0,0
3391,0,0
3392,0,0
3393,0,0
3394,0,1
3395,1,0
3396,1,0
3397,0,0
3398,0,0
3399,1,0
3400,0,0
3401,0,1
3402,1,1
3403,1,1
3404,0,1
3405,0,0
3406,0,0
3407,0,0
3408,0,0
3409,0,0
3410,1,1
3411,1,1
3412,0,0
3413,0,0
3414,0,0
3415,0,0
3416,1,1
3417,1,1
3418,1,1
3419,1,1
3420,0,0
3421,1,1
3422,1,1
3423,0,0
3424,0,0
3425,1,1
3426,1,0
3427,0,1
3428,1,0
3429,0,0
3430,1,0
3431,1,0
3432,0,0
3433,0,1
3434,0,0
3435,0,0
3436,1,1
3437,1,1
3438,1,1
3439,0,1
3440,0,0
3441,0,0
3442,1,0
3443,0,0
3444,0,0
3445,0,0
3446,1,1
3447,0,0
3448,1,1
3449,0,0
3450,0,0
3451,1,1
3452,1,1
3453,0,1
3454,0,0
3455,0,1
3456,0,0
3457,0,0
3458,0,0
3459,1,0
3460,1,0
3461,0,0
3462,0,0
3463,0,0
3464,0,0
3465,0,0
3466,1,0
3467,1,1
3468,1,0
3469,1,1
3470,1,0
3471,0,1
3472,1,0
3473,0,0
3474,0,0
3475,1,0
3476,0,0
3477,0,1
3478,0,0
3479,0,0
3480,0,0
3481,0,0
3482,0,0
3483,0,1
3484,0,0
3485,0,0
3486,1,1
3487,0,1
3488,1,1
3489,0,0
3490,0,0
3491,0,1
3492,1,0
3493,1,1
3494,1,1
3495,1,1
3496,1,1
3497,0,0
3498,0,0
3499,0,0
3500,0,1
3501,0,0
3502,0,1
3503,0,0
3504,0,0
3505,0,0
3506,1,0
3507,1,1
3508,1,0
3509,0,0
3510,0,0
3511,0,0
3512,0,0
3513,1,1
3514,1,1
3515,1,0
3516,0,0
3517,0,1
3518,1,1
3519,1,1
3520,0,1
3521,0,0
3522,1,1
3523,1,1
3524,1,1
3525,1,1
3526,1,1
3527,0,1
3528,0,1
3529,1,1
3530,0,1
3531,1,0
3532,1,1
3533,0,1
3534,0,0
3535,1,1
3536,0,0
3537,0,0
3538,1,1
3539,0,0
3540,1,0
3541,0,0
3542,0,1
3543,0,1
3544,0,1
3545,0,1
3546,0,1
3547,1,0
3548,1,1
3549,0,0
3550,0,1
3551,1,1
3552,1,0
3553,1,1
3554,0,0
3555,0,1
3556,0,1
3557,0,0
3558,0,0
3559,0,0
3560,1,1
3561,0,1
3562,1,1
3563,0,0
3564,1,1
3565,1,1
3566,0,0
3567,1,1
3568,0,0
3569,0,0
3570,0,0
3571,0,0
3572,0,0
3573,0,0
3574,0,0
3575,0,0
3576,0,0
3577,0,0
3578,0,0
3579,0,1
3580,0,0
3581,1,1
3582,1,1
3583,0,1
3584,0,0
3585,0,1
3586,0,1
3587,0,0
3588,0,0
3589,0,0
3590,0,0
3591,0,0
3592,0,0
3593,0,0
3594,0,0
3595,0,0
3596,1,1
3597,1,1
3598,0,0
3599,1,0
3600,0,0
3601,1,0
3602,0,0
3603,0,0
3604,0,1
3605,0,1
3606,1,0
3607,0,0
3608,0,0
3609,1,0
3610,0,0
3611,1,0
3612,0,1
3613,0,0
3614,0,0
3615,1,0
3616,1,1
3617,0,0
3618,0,0
3619,0,0
3620,0,0
3621,0,0
3622,1,1
3623,0,1
3624,0,0
3625,0,1
3626,0,1
3627,0,0
3628,0,1
3629,1,1
3630,1,1
3631,0,0
3632,0,1
3633,1,0
3634,0,0
3635,0,0
3636,0,0
3637,1,1
3638,0,1
3639,1,1
3640,0,0
3641,1,0
3642,1,1
3643,0,0
3644,1,1
3645,0,0
3646,1,1
3647,0,0
3648,1,0
3649,0,0
3650,0,0
3651,1,0
3652,0,1
3653,1,1
3654,0,0
3655,0,0
3656,1,1
3657,0,0
3658,0,0
3659,1,1
3660,1,1
3661,0,0
3662,1,1
3663,1,0
3664,1,1
3665,1,1
3666,0,1
3667,1,0
3668,0,0
3669,1,0
3670,0,1
3671,0,1
3672,1,1
3673,1,1
3674,1,1
3675,1,0
3676,1,0
3677,1,0
3678,0,0
3679,0,0
3680,0,0
3681,1,1
3682,1,0
3683,1,0
3684,0,0
3685,1,1
3686,0,1
3687,0,0
3688,1,1
3689,1,1
3690,0,1
3691,1,0
3692,0,0
3693,0,0
3694,1,0
3695,1,0
3696,0,0
3697,0,0
3698,0,0
3699,0,1
3700,1,1
3701,0,0
3702,1,1
3703,0,0
3704,0,0
3705,0,0
3706,1,0
3707,0,0
3708,0,0
3709,0,0
3710,0,0
3711,0,0
3712,0,0
3713,0,0
3714,1,1
3715,0,1
3716,1,1
3717,0,0
3718,1,1
3719,0,0
3720,1,0
3721,0,0
3722,0,0
3723,1,0
3724,1,1
3725,0,0
3726,0,0
3727,0,0
3728,1,0
3729,0,0
3730,1,0
3731,1,1
3732,0,0
3733,0,0
3734,0,0
3735,0,0
3736,0,0
3737,0,0
3738,1,1
3739,1,1
3740,1,0
3741,0,0
3742,0,1
3743,1,1
3744,0,0
3745,0,0
3746,0,0
3747,1,0
3748,1,1
3749,1,0
3750,1,1
3751,0,0
3752,1,0
3753,1,1
3754,0,0
3755,0,0
3756,0,1
3757,1,1
3758,0,0
3759,1,1
3760,1,0
3761,1,1
3762,0,1
3763,1,0
3764,0,1
3765,0,0
3766,0,0
3767,1,1
3768,1,1
3769,1,1
3770,1,0
3771,1,0
3772,0,1
3773,0,0
3774,1,0
3775,1,1
3776,0,0
3777,1,0
3778,1,1
3779,0,0
3780,0,1
3781,1,0
3782,0,0
3783,0,1
3784,0,0
3785,0,0
3786,0,0
3787,0,0
3788,0,0
3789,0,0
3790,1,0
3791,1,1
3792,0,0
3793,1,1
3794,1,1
3795,0,0
3796,1,1
3797,0,1
3798,1,1
3799,0,0
3800,0,0
3801,0,0
3802,1,0
3803,0,0
3804,0,0
3805,0,0
3806,0,0
3807,0,0
3808,0,0
3809,0,1
3810,1,0
3811,0,0
3812,1,1
3813,0,0
3814,1,1
3815,1,0
3816,0,1
3817,0,0
3818,1,0
3819,0,0
3820,0,0
3821,1,1
3822,0,0
3823,1,0
3824,0,0
3825,1,1
3826,1,1
3827,0,1
3828,1,1
3829,0,1
3830,0,0
3831,1,1
3832,1,0
3833,0,0
3834,0,0
3835,0,0
3836,1,1
3837,1,1
3838,1,0
3839,0,0
3840,1,1
3841,1,1
3842,0,0
3843,1,0
3844,1,0
3845,1,1
3846,1,1
3847,0,0
3848,0,0
3849,0,0
3850,0,0
3851,0,0
3852,0,0
3853,1,0
3854,0,0
3855,1,0
3856,0,0
3857,1,0
3858,1,1
3859,0,1
3860,1,1
3861,0,0
3862,0,1
3863,1,1
3864,0,1
3865,0,1
3866,0,0
3867,0,1
3868,1,0
3869,0,0
3870,0,0
3871,0,0
3872,1,0
3873,1,1
3874,0,0
3875,1,0
3876,0,0
3877,0,0
3878,0,0
3879,0,0
3880,1,0
3881,0,0
3882,0,1
3883,1,0
3884,0,0
3885,1,0
3886,0,0
3887,0,0
3888,1,1
3889,0,0
3890,1,0
3891,1,1
3892,0,0
3893,1,1
3894,0,1
3895,1,0
3896,1,1
3897,1,1
3898,1,1
3899,1,0
3900,0,0
3901,0,1
3902,0,0
3903,1,1
3904,0,0
3905,0,0
3906,0,0
3907,0,0
3908,1,1
3909,1,1
3910,0,1
3911,0,1
3912,1,1
3913,0,0
3914,0,0
3915,0,0
3916,0,0
3917,1,1
3918,0,1
3919,0,0
3920,0,1
3921,1,1
3922,0,1
3923,1,0
3924,0,0
3925,0,1
3926,0,0
3927,0,0
3928,0,1
3929,1,1
3930,1,0
3931,1,1
3932,1,1
3933,0,0
3934,0,0
3935,0,0
3936,0,1
3937,0,1
3938,1,1
3939,1,1
3940,0,1
3941,0,0
3942,1,1
3943,1,1
3944,0,1
3945,1,0
3946,1,1
3947,0,0
3948,0,0
3949,1,1
3950,0,0
3951,1,1
3952,1,0
3953,0,0
3954,0,0
3955,0,0
3956,1,0
3957,0,0
3958,1,0
3959,1,1
3960,0,0
3961,1,0
3962,0,0
3963,0,0
3964,1,1
3965,0,0
3966,0,0
3967,0,0
3968,0,0
3969,0,0
3970,0,1
3971,0,1
3972,1,1
3973,0,0
3974,1,0
3975,0,0
3976,1,1
3977,1,0
3978,0,0
3979,1,1
3980,1,0
3981,1,1
3982,1,1
3983,1,1
3984,0,0
3985,1,0
3986,0,0
3987,0,0
3988,1,0
3989,0,0
3990,1,0
3991,0,0
3992,0,0
3993,1,0
3994,0,0
3995,0,0
3996,0,0
3997,1,0
3998,1,0
3999,0,0
4000,1,1
4001,0,0
4002,0,0
4003,0,0
4004,0,0
4005,1,1
4006,0,1
4007,0,0
4008,1,0
4009,0,0
4010,1,1
4011,0,1
4012,0,0
4013,1,0
4014,0,0
4015,0,0
4016,0,0
4017,1,1
4018,0,0
4019,1,0
4020,1,0
4021,1,1
4022,0,0
4023,1,0
4024,0,0
4025,1,0
4026,0,0
4027,1,0
4028,1,0
4029,1,1
4030,0,0
4031,0,0
4032,1,0
4033,1,0
4034,1,1
4035,0,1
4036,0,0
4037,0,0
4038,0,0
4039,0,0
4040,0,0
4041,0,0
4042,0,0
4043,0,0
4044,1,1
4045,1,0
4046,0,0
4047,1,0
4048,0,0
4049,1,1
4050,0,1
4051,0,1
4052,0,0
4053,0,0
4054,0,0
4055,0,0
4056,0,0
4057,0,0
4058,0,0
4059,0,0
4060,0,0
4061,0,0
4062,1,0
4063,0,0
4064,1,0
4065,0,0
4066,0,1
4067,0,1
4068,1,1
4069,0,0
4070,1,0
4071,0,0
4072,1,0
4073,1,0
4074,0,0
4075,0,1
4076,1,1
4077,0,0
4078,0,0
4079,0,0
4080,0,0
4081,1,1
4082,0,0
4083,0,0
4084,0,0
4085,0,0
4086,1,0
4087,0,0
4088,1,0
4089,0,0
4090,0,0
4091,1,0
4092,1,1
4093,1,0
4094,0,0
4095,0,1
4096,0,1
4097,1,1
4098,0,1
4099,0,1
4100,1,1
4101,1,0
4102,0,0
4103,1,0
4104,1,0
4105,1,0
4106,0,0
4107,1,1
4108,0,0
4109,0,1
4110,0,0
4111,0,0
4112,1,0
4113,0,1
4114,0,0
4115,0,0
4116,1,1
4117,0,0
4118,0,0
4119,0,1
4120,0,0
4121,1,0
4122,1,1
4123,0,1
4124,0,1
4125,0,0
4126,1,0
4127,1,0
4128,1,0
4129,0,1
4130,0,0
4131,0,0
4132,0,0
4133,0,0
4134,0,1
4135,0,1
4136,0,0
4137,0,0
4138,0,0
4139,0,1
4140,1,1
4141,0,1
4142,0,0
4143,1,1
4144,1,0
4145,0,0
4146,1,1
4147,0,0
4148,1,0
4149,0,0
4150,0,0
4151,0,0
4152,0,0
4153,0,1
4154,1,1
4155,0,0
4156,0,0
4157,1,0
4158,0,0
4159,0,0
4160,0,0
4161,0,0
4162,0,0
4163,0,0
4164,0,0
4165,1,0
4166,0,0
4167,1,0
4168,0,0
4169,0,1
4170,0,0
4171,0,0
4172,0,0
4173,1,1
4174,0,0
4175,0,0
4176,0,0
4177,0,1
4178,0,0
4179,1,1
4180,0,0
4181,1,1
4182,0,1
4183,0,1
4184,0,0
4185,0,1
4186,1,1
4187,0,0
4188,1,1
4189,0,0
4190,0,0
4191,0,0
4192,0,0
4193,0,0
4194,0,0
4195,1,1
4196,1,1
4197,1,0
4198,1,0
4199,0,0
4200,0,0
4201,1,1
4202,1,0
4203,1,0
4204,1,0
4205,0,0
4206,1,0
4207,0,0
4208,0,0
4209,0,1
4210,0,1
4211,0,0
4212,0,0
4213,1,1
4214,1,1
4215,0,0
4216,0,1
4217,0,0
4218,0,0
4219,1,0
4220,1,0
4221,0,0
4222,0,1
4223,0,0
4224,1,1
4225,1,1
4226,1,1
4227,1,1
4228,0,0
4229,1,0
4230,0,0
4231,1,1
4232,1,0
4233,0,1
4234,0,0
4235,1,0
4236,0,0
4237,1,1
4238,1,0
4239,1,0
4240,0,0
4241,0,1
4242,1,0
4243,0,0
4244,1,1
4245,0,0
4246,0,1
4247,1,0
4248,0,0
4249,0,0
4250,1,1
4251,0,0
4252,0,0
4253,1,0
4254,1,1
4255,0,0
4256,1,1
4257,0,1
4258,1,1
4259,0,0
4260,0,1
4261,1,1
4262,1,0
4263,0,1
4264,0,1
4265,0,1
4266,0,0
4267,0,0
4268,0,0
4269,0,0
4270,1,1
4271,0,1
4272,0,0
4273,0,1
4274,0,0
4275,0,0
4276,0,0
4277,0,0
4278,0,0
4279,0,0
4280,0,0
4281,0,0
4282,0,0
4283,0,0
4284,0,0
4285,1,0
4286,1,1
4287,1,1
4288,0,1
4289,0,0
4290,0,0
4291,1,0
4292,0,0
4293,0,0
4294,1,1
4295,0,0
4296,0,1
4297,1,1
4298,0,0
4299,0,0
4300,0,0
4301,0,0
4302,1,1
4303,1,1
4304,1,1
4305,0,1
4306,1,1
4307,1,1
4308,0,1
4309,0,1
4310,1,1
4311,0,0
4312,1,1
4313,1,1
4314,0,0
4315,0,0
4316,0,0
4317,0,0
4318,0,1
4319,0,0
4320,1,1
4321,1,1
4322,1,1
4323,1,0
4324,0,1
4325,0,0
4326,0,0
4327,1,1
4328,0,1
4329,0,0
4330,1,1
4331,0,1
4332,0,0
4333,0,0
4334,1,0
4335,0,0
4336,0,0
4337,0,0
4338,1,1
4339,1,1
4340,1,1
4341,0,0
4342,0,0
4343,0,0
4344,0,0
4345,1,0
4346,0,0
4347,0,0
4348,0,0
4349,0,0
4350,1,0
4351,0,0
4352,0,0
4353,0,0
4354,0,0
4355,0,0
4356,1,1
4357,1,1
4358,0,1
4359,1,0
4360,0,1
4361,1,1
4362,1,1
4363,0,0
4364,0,1
4365,0,0
4366,0,0
4367,0,0
4368,1,0
4369,0,0
4370,1,1
4371,0,0
4372,1,0
4373,0,0
4374,0,1
4375,0,0
4376,0,0
4377,0,1
4378,0,1
4379,1,1
4380,1,1
4381,0,1
4382,1,1
4383,0,0
4384,0,0
4385,1,1
4386,1,1
4387,1,0
4388,0,0
4389,1,1
4390,1,1
4391,0,1
4392,1,0
4393,0,0
4394,0,0
4395,1,0
4396,1,0
4397,1,0
4398,0,1
4399,1,0
4400,1,1
4401,0,1
4402,0,0
4403,0,0
4404,0,1
4405,1,1
4406,0,0
4407,1,0
4408,1,0
4409,0,0
4410,0,1
4411,0,0
4412,0,0
4413,0,0
4414,0,0
4415,0,0
4416,1,0
4417,0,1
4418,1,0
4419,0,1
4420,1,0
4421,0,0
4422,0,0
4423,0,0
4424,0,0
4425,0,0
4426,0,0
4427,0,0
4428,0,0
4429,0,1
4430,0,0
4431,0,0
4432,1,0
4433,0,0
4434,0,0
4435,0,0
4436,0,0
4437,1,0
4438,1,0
4439,1,0
4440,0,0
4441,0,0
4442,0,0
4443,0,0
4444,1,1
4445,0,1
4446,1,0
4447,0,0
4448,1,0
4449,1,1
4450,0,1
4451,0,0
4452,1,1
4453,1,1
4454,1,1
4455,0,1
4456,0,1
4457,0,0
4458,1,0
4459,0,0
4460,0,0
4461,0,1
4462,1,0
4463,0,0
4464,1,0
4465,1,1
4466,1,1
4467,1,1
4468,1,1
4469,1,0
4470,0,0
4471,1,0
4472,0,1
4473,1,1
4474,0,0
4475,1,1
4476,0,1
4477,1,1
4478,1,0
4479,0,0
4480,0,1
4481,0,0
4482,0,1
4483,1,1
4484,0,0
4485,0,0
4486,0,1
4487,0,0
4488,0,0
4489,0,0
4490,1,1
4491,0,0
4492,1,1
4493,1,1
4494,0,1
4495,0,1
4496,1,0
4497,0,0
4498,1,0
4499,0,0
4500,0,0
4501,1,0
4502,0,0
4503,0,1
4504,1,0
4505,1,1
4506,0,0
4507,1,0
4508,1,0
4509,0,0
4510,1,0
4511,0,0
4512,0,0
4513,1,0
4514,1,0
4515,0,0
4516,0,0
4517,0,0
4518,0,0
4519,1,0
4520,1,1
4521,0,1
4522,0,0
4523,0,0
4524,0,0
4525,0,0
4526,1,1
4527,0,0
4528,0,1
4529,1,1
4530,0,0
4531,0,1
4532,0,1
4533,1,1
4534,0,0
4535,0,0
4536,0,1
4537,1,1
4538,0,0
4539,1,1
4540,0,0
4541,1,0
4542,0,0
4543,1,0
4544,1,0
4545,0,0
4546,1,0
4547,0,0
4548,0,0
4549,0,0
4550,0,0
4551,0,0
4552,0,0
4553,0,0
4554,1,0
4555,1,1
4556,0,1
4557,1,1
4558,1,1
4559,1,0
4560,0,0
4561,0,0
4562,0,0
4563,0,1
4564,1,1
4565,1,1
4566,0,1
4567,1,1
4568,0,0
4569,0,1
4570,1,1
4571,0,0
4572,1,1
4573,0,1
4574,0,0
4575,0,0
4576,0,0
4577,0,0
4578,0,0
4579,0,0
4580,0,0
4581,0,0
4582,0,0
4583,0,0
4584,0,0
4585,1,0
4586,0,0
4587,0,0
4588,0,0
4589,0,0
4590,0,0
4591,0,0
4592,1,1
4593,1,1
4594,0,0
4595,0,0
4596,0,0
4597,0,0
4598,0,0
4599,1,1
4600,0,0
4601,0,1
4602,0,1
4603,0,0
4604,1,0
4605,0,0
4606,1,1
4607,0,0
4608,1,0
4609,1,0
4610,1,0
4611,0,0
4612,1,0
4613,1,0
4614,0,0
4615,0,1
4616,0,0
4617,0,0
4618,0,0
4619,0,0
4620,0,1
4621,0,0
4622,0,0
4623,1,0
4624,0,0
4625,0,0
4626,0,0
4627,0,0
4628,1,0
4629,0,0
4630,1,0
4631,0,0
4632,0,0
4633,1,0
4634,0,0
4635,1,0
4636,0,1
4637,0,0
4638,0,0
4639,1,1
4640,1,1
4641,1,0
4642,1,1
4643,1,1
4644,1,1
4645,1,1
4646,0,0
4647,0,0
4648,1,0
4649,0,0
4650,0,0
4651,0,0
4652,1,0
4653,0,0
4654,0,0
4655,0,0
4656,0,0
4657,0,0
4658,0,0
4659,1,1
4660,1,1
4661,0,0
4662,1,1
4663,1,0
4664,0,0
4665,0,0
4666,0,0
4667,1,1
4668,0,0
4669,1,0
4670,0,0
4671,1,0
4672,0,0
4673,0,0
4674,0,0
4675,0,0
4676,0,0
4677,1,1
4678,0,0
4679,0,0
4680,1,0
4681,1,0
4682,0,0
4683,0,0
4684,0,0
4685,1,0
4686,0,0
4687,0,0
4688,0,1
4689,0,0
4690,1,0
4691,1,1
4692,0,1
4693,0,0
4694,1,1
4695,0,1
4696,1,1
4697,0,0
4698,0,0
4699,0,1
4700,0,0
4701,1,1
4702,0,1
4703,0,0
4704,0,0
4705,0,0
4706,0,0
4707,0,0
4708,1,1
4709,0,0
4710,0,0
4711,0,0
4712,1,0
4713,1,1
4714,1,0
4715,0,0
4716,0,0
4717,0,0
4718,0,0
4719,0,0
4720,1,0
4721,0,0
4722,0,0
4723,0,0
4724,1,1
4725,1,1
4726,0,0
4727,1,0
4728,1,1
4729,0,0
4730,1,1
4731,1,1
4732,0,1
4733,1,0
4734,1,1
4735,1,1
4736,1,1
4737,1,0
4738,0,1
4739,0,1
4740,0,1
4741,0,1
4742,1,1
4743,0,0
4744,1,1
4745,1,1
4746,1,1
4747,1,1
4748,1,1
4749,0,0
4750,0,0
4751,0,1
4752,1,1
4753,1,1
4754,1,1
4755,0,1
4756,0,0
4757,0,0
4758,1,0
4759,0,0
4760,1,0
4761,1,1
4762,0,0
4763,1,1
4764,0,0
4765,0,0
4766,1,1
4767,1,1
4768,0,1
4769,0,1
4770,1,0
4771,0,0
4772,0,0
4773,1,1
4774,0,0
4775,1,0
4776,0,0
4777,0,1
4778,0,0
4779,0,0
4780,0,1
4781,1,0
4782,0,0
4783,0,0
4784,1,0
4785,0,0
4786,1,1
4787,0,0
4788,0,0
4789,0,1
4790,1,1
4791,0,0
4792,0,0
4793,0,0
4794,0,1
4795,0,0
4796,1,0
4797,1,1
4798,0,0
4799,0,1
4800,1,0
4801,1,0
4802,0,0
4803,0,0
4804,0,1
4805,0,0
4806,0,0
4807,0,0
4808,0,0
4809,1,0
4810,1,1
4811,0,0
4812,0,0
4813,1,0
4814,0,0
4815,0,0
4816,0,1
4817,1,1
4818,0,0
4819,0,0
4820,0,0
4821,1,0
4822,1,0
4823,1,1
4824,0,0
4825,0,0
4826,0,0
4827,0,0
4828,0,0
4829,1,1
4830,1,1
4831,1,1
4832,1,1
4833,0,0
4834,0,0
4835,0,1
4836,0,0
4837,0,0
4838,0,0
4839,0,0
4840,1,1
4841,1,0
4842,0,0
4843,1,1
4844,1,1
4845,0,0
4846,0,1
4847,0,0
4848,0,0
4849,0,0
4850,1,1
4851,1,0
4852,0,0
4853,0,0
4854,0,0
4855,1,1
4856,0,0
4857,1,0
4858,1,1
4859,0,0
4860,1,1
4861,0,1
4862,0,0
4863,0,0
4864,0,0
4865,1,0
4866,0,1
4867,1,1
4868,1,1
4869,1,1
4870,1,1
4871,0,0
4872,0,0
4873,0,0
4874,0,0
4875,0,0
4876,1,0
4877,1,1
4878,0,0
4879,0,0
4880,1,0
4881,1,1
4882,1,1
4883,1,1
4884,0,0
4885,0,0
4886,0,0
4887,0,1
4888,1,0
4889,0,1
4890,0,0
4891,0,0
4892,1,1
4893,1,0
4894,1,1
4895,0,1
4896,1,1
4897,0,1
4898,0,1
4899,1,1
4900,1,1
4901,1,0
4902,0,0
4903,1,0
4904,1,0
4905,0,0
4906,0,0
4907,0,1
4908,1,0
4909,0,0
4910,0,0
4911,0,0
4912,0,1
4913,1,1
4914,1,1
4915,1,0
4916,0,1
4917,1,1
4918,0,1
4919,1,1
4920,0,0
4921,0,1
4922,0,0
4923,1,0
4924,0,0
4925,1,0
4926,0,1
4927,1,1
4928,1,1
4929,0,1
4930,0,0
4931,0,0
4932,0,1
4933,0,0
4934,0,0
4935,1,1
4936,0,0
4937,1,1
4938,0,1
4939,1,0
4940,0,1
4941,0,0
4942,1,1
4943,1,1
4944,0,1
4945,0,1
4946,1,0
4947,0,0
4948,0,1
4949,0,1
4950,0,1
4951,0,0
4952,0,0
4953,0,0
4954,0,0
4955,0,0
4956,1,1
4957,0,0
4958,0,0
4959,0,1
4960,0,0
4961,0,0
4962,1,1
4963,0,0
4964,0,0
4965,1,0
4966,0,1
4967,1,1
4968,1,1
4969,0,0
4970,1,1
4971,0,1
4972,1,1
4973,1,0
4974,1,1
4975,1,1
4976,1,0
4977,1,0
4978,0,1
4979,0,0
4980,0,1
4981,0,0
4982,0,1
4983,0,1
4984,1,1
4985,0,0
4986,0,0
4987,0,1
4988,0,1
4989,1,0
4990,0,1
4991,0,0
4992,0,1
4993,1,1
4994,0,1
4995,1,1
4996,1,1
4997,1,1
4998,0,1
4999,1,1
5000,1,1
5001,0,0
5002,0,0
5003,1,1
5004,1,1
5005,1,1
5006,0,1
5007,1,1
5008,1,1
5009,0,0
5010,0,0
5011,1,0
5012,1,1
5013,1,0
5014,0,1
5015,1,1
5016,1,0
5017,0,0
5018,0,0
5019,0,0
5020,0,0
5021,0,0
5022,1,1
5023,0,0
5024,0,1
5025,1,1
5026,0,0
5027,1,1
5028,1,1
5029,0,0
5030,0,0
5031,0,0
5032,0,0
5033,1,1
5034,1,1
5035,0,1
5036,0,0
5037,0,0
5038,1,1
5039,0,0
5040,1,1
5041,1,0
5042,1,1
5043,0,0
5044,1,0
5045,1,1
5046,0,0
5047,0,0
5048,0,0
5049,1,1
5050,1,1
5051,1,1
5052,0,1
5053,0,0
5054,1,0
5055,0,0
5056,1,1
5057,0,1
5058,0,1
5059,0,0
5060,0,0
5061,0,0
5062,1,1
5063,1,1
5064,1,1
5065,0,0
5066,0,0
5067,0,0
5068,0,0
5069,0,0
5070,0,0
5071,0,1
5072,1,0
5073,0,1
5074,1,0
5075,0,0
5076,1,0
5077,1,0
5078,0,0
5079,0,0
5080,1,0
5081,0,0
5082,0,0
5083,1,0
5084,1,1
5085,0,0
5086,0,0
5087,0,0
5088,0,0
5089,0,0
5090,0,1
5091,0,0
5092,0,0
5093,1,1
5094,0,1
5095,1,1
5096,1,1
5097,0,1
5098,1,0
5099,1,1
5100,0,0
5101,1,0
5102,1,0
5103,0,0
5104,1,1
5105,0,0
5106,1,1
5107,0,1
5108,0,0
5109,1,1
5110,0,0
5111,0,0
5112,0,0
5113,0,0
5114,0,1
5115,0,0
5116,0,0
5117,1,0
5118,1,1
5119,0,0
5120,0,1
5121,0,1
5122,1,1
5123,0,0
5124,0,0
5125,0,1
5126,1,0
5127,0,0
5128,0,0
5129,1,0
5130,0,1
5131,0,0
5132,0,0
5133,1,0
5134,1,0
5135,0,1
5136,0,0
5137,0,0
5138,0,1
5139,0,1
5140,0,0
5141,1,1
5142,0,1
5143,1,1
5144,1,1
5145,0,0
5146,1,0
5147,0,0
5148,0,1
5149,1,1
5150,0,0
5151,0,0
5152,0,1
5153,0,1
5154,0,1
5155,1,1
5156,1,0
5157,1,0
5158,0,0
5159,0,0
5160,0,0
5161,0,0
5162,0,0
5163,1,1
5164,0,0
5165,1,1
5166,1,1
5167,0,0
5168,0,1
5169,0,1
5170,0,0
5171,1,0
5172,1,0
5173,0,0
5174,1,1
5175,0,0
5176,1,0
5177,1,0
5178,0,0
5179,0,0
5180,1,0
5181,1,1
5182,1,1
5183,0,0
5184,0,0
5185,0,1
5186,1,1
5187,0,0
5188,1,1
5189,1,0
5190,0,0
5191,0,1
5192,0,0
5193,0,0
5194,1,0
5195,1,0
5196,0,0
5197,1,0
5198,0,0
5199,0,1
5200,0,0
5201,0,0
5202,0,1
5203,0,0
5204,0,0
5205,1,1
5206,0,0
5207,0,0
5208,1,0
5209,0,0
5210,0,0
5211,0,0
5212,0,0
5213,0,0
5214,0,1
5215,1,0
5216,1,1
5217,1,1
5218,0,1
5219,0,0
5220,1,1
5221,1,1
5222,1,1
5223,0,1
5224,1,1
5225,0,0
5226,0,0
5227,0,0
5228,0,1
5229,1,1
5230,0,0
5231,1,1
5232,0,0
5233,0,0
5234,0,0
5235,0,0
5236,1,1
5237,0,0
5238,0,0
5239,1,0
5240,1,1
5241,0,1
5242,1,1
5243,0,1
5244,0,0
5245,0,0
5246,0,0
5247,0,0
5248,1,1
5249,1,1
5250,1,1
5251,1,1
5252,0,1
5253,1,1
5254,0,1
5255,1,1
5256,1,0
5257,0,1
5258,1,1
5259,1,1
5260,1,1
5261,0,0
5262,0,1
5263,0,1
5264,0,0
5265,1,1
5266,1,1
5267,0,1
5268,1,1
5269,1,1
5270,0,0
5271,0,1
5272,0,1
5273,0,0
5274,0,0
5275,1,0
5276,1,0
5277,1,1
5278,1,0
5279,1,1
5280,0,0
5281,1,1
5282,0,1
5283,1,1
5284,0,0
5285,0,1
5286,0,0
5287,1,0
5288,1,0
5289,0,0
5290,0,0
5291,0,0
5292,0,0
5293,0,0
5294,1,1
5295,1,1
5296,0,0
5297,0,0
5298,1,1
5299,0,0
5300,0,0
5301,1,1
5302,1,1
5303,1,0
5304,0,0
5305,0,0
5306,1,1
5307,1,1
5308,1,1
5309,0,1
5310,1,1
5311,0,1
5312,0,0
5313,1,1
5314,0,0
5315,0,0
5316,1,1
5317,1,1
5318,0,0
5319,0,1
5320,0,0
5321,0,0
5322,0,0
5323,1,1
5324,1,1
5325,1,1
5326,0,1
5327,1,1
5328,0,0
5329,0,0
5330,1,1
5331,1,0
5332,1,1
5333,1,1
5334,1,1
5335,1,1
5336,1,0
5337,0,0
5338,0,0
5339,0,0
5340,1,0
5341,1,1
5342,0,1
5343,1,1
5344,1,1
5345,0,1
5346,0,0
5347,1,1
5348,1,1
5349,0,1
5350,0,0
5351,1,1
5352,1,1
5353,0,1
5354,0,1
5355,1,0
5356,0,1
5357,0,0
5358,1,1
5359,0,0
5360,1,1
5361,0,1
5362,1,0
5363,1,0
5364,0,1
5365,0,0
5366,0,0
5367,0,0
5368,0,0
5369,1,1
5370,0,1
5371,0,0
5372,1,1
5373,0,1
5374,0,1
5375,0,1
5376,1,1
5377,0,0
5378,0,0
5379,1,0
5380,0,0
5381,1,1
5382,0,1
5383,0,1
5384,0,0
5385,0,1
5386,0,1
5387,1,1
5388,1,0
5389,1,1
5390,1,1
5391,0,0
5392,0,0
5393,0,0
5394,0,0
5395,0,0
5396,1,1
5397,0,0
5398,0,0
5399,0,0
5400,1,1
5401,0,0
5402,0,0
5403,0,0
5404,1,1
5405,0,0
5406,0,0
5407,0,0
5408,0,1
5409,0,0
5410,1,1
5411,1,1
5412,1,1
5413,0,0
5414,1,1
5415,1,1
5416,0,1
5417,1,1
5418,0,0
5419,1,1
5420,0,1
5421,0,0
5422,0,0
5423,0,0
5424,0,0
5425,0,0
5426,1,0
5427,0,0
5428,0,0
5429,0,0
5430,0,0
5431,0,0
5432,1,1
5433,0,0
5434,0,0
5435,0,0
5436,1,1
5437,0,0
5438,0,0
5439,1,0
5440,0,0
5441,0,0
5442,0,0
5443,0,1
5444,0,0
5445,0,0
5446,0,0
5447,0,0
5448,0,0
5449,0,1
5450,0,0
5451,0,0
5452,1,0
5453,0,0
5454,0,1
5455,0,0
5456,0,0
5457,0,0
5458,1,0
5459,0,0
5460,1,1
5461,1,0
5462,0,0
5463,0,0
5464,0,0
5465,0,0
5466,0,0
5467,0,0
5468,0,0
5469,0,0
5470,0,1
5471,0,0
5472,0,0
5473,1,1
5474,0,0
5475,0,0
5476,1,1
5477,0,0
5478,1,0
5479,1,1
5480,0,0
5481,1,0
5482,0,1
5483,1,0
5484,0,0
5485,0,0
5486,1,1
5487,0,0
5488,0,0
5489,0,0
5490,0,0
5491,0,0
5492,0,0
5493,0,0
5494,1,0
5495,0,0
5496,0,0
5497,1,0
5498,0,0
5499,0,0
5500,0,0
5501,0,0
5502,1,1
5503,0,0
5504,0,0
5505,1,0
5506,1,0
5507,0,1
5508,1,1
5509,0,1
5510,0,1
5511,1,1
5512,0,0
5513,1,1
5514,0,1
5515,0,0
5516,0,0
5517,0,0
5518,1,0
5519,1,0
5520,0,0
5521,1,0
5522,0,1
5523,1,0
5524,0,1
5525,0,0
5526,1,1
5527,0,0
5528,0,1
5529,0,1
5530,0,0
5531,1,0
5532,1,0
5533,1,0
5534,0,0
5535,0,0
5536,1,1
5537,1,0
5538,1,1
5539,1,1
5540,0,1
5541,1,1
5542,0,1
5543,0,0
5544,1,1
5545,1,1
5546,1,1
5547,0,0
5548,1,1
5549,0,1
5550,0,0
5551,0,0
5552,1,1
5553,0,1
5554,0,0
5555,0,0
5556,1,1
5557,0,0
5558,1,1
5559,0,0
5560,0,0
5561,0,0
5562,0,1
5563,1,1
5564,1,1
5565,0,0
5566,0,0
5567,0,1
5568,1,1
5569,0,1
5570,0,0
5571,1,1
5572,0,0
5573,0,0
5574,1,1
5575,0,0
5576,0,1
5577,0,1
5578,1,1
5579,1,1
5580,0,0
5581,0,0
5582,0,0
5583,1,0
5584,1,1
5585,0,0
5586,1,0
5587,0,0
5588,1,1
5589,0,0
5590,0,0
5591,1,1
5592,0,0
5593,0,0
5594,0,0
5595,0,1
5596,1,1
5597,0,1
5598,0,0
5599,1,1
5600,0,0
5601,1,0
5602,1,0
5603,1,0
5604,1,1
5605,0,0
5606,1,1
5607,0,1
5608,0,0
5609,0,0
5610,1,1
5611,1,1
5612,0,1
5613,1,1
5614,0,1
5615,0,0
5616,0,0
5617,1,1
5618,1,0
5619,1,1
5620,0,1
5621,1,1
5622,1,1
5623,0,0
5624,0,0
5625,0,0
5626,1,0
5627,1,1
5628,0,1
5629,1,1
5630,0,1
5631,1,1
5632,1,0
5633,0,0
5634,1,1
5635,0,0
5636,1,1
5637,0,0
5638,1,0
5639,0,0
5640,1,1
5641,0,0
5642,1,1
5643,0,0
5644,0,1
5645,0,0
5646,0,1
5647,0,0
5648,1,1
5649,0,0
5650,0,0
5651,0,0
5652,1,1
5653,1,1
5654,0,1
5655,1,1
5656,1,1
5657,0,1
5658,0,0
5659,0,0
5660,0,0
5661,0,0
5662,1,0
5663,0,1
5664,0,0
5665,0,0
5666,1,1
5667,0,0
5668,1,0
5669,1,0
5670,0,0
5671,1,1
5672,1,1
5673,1,1
5674,1,1
5675,0,1
5676,0,0
5677,1,1
5678,0,0
5679,1,0
5680,1,0
5681,1,1
5682,0,0
5683,1,0
5684,0,0
5685,0,0
5686,1,1
5687,1,1
5688,0,1
5689,1,1
5690,1,0
5691,1,0
5692,0,0
5693,1,1
5694,0,0
5695,0,0
5696,0,0
5697,0,0
5698,1,1
5699,0,0
5700,0,1
5701,1,0
5702,0,1
5703,0,1
5704,0,0
5705,1,1
5706,1,0
5707,0,0
5708,0,1
5709,1,0
5710,0,1
5711,1,1
5712,0,0
5713,0,1
5714,0,1
5715,1,0
5716,1,0
5717,1,0
5718,1,0
5719,1,1
5720,1,0
5721,0,0
5722,1,0
5723,1,1
5724,0,1
5725,1,0
5726,1,1
5727,0,0
5728,0,0
5729,1,1
5730,0,0
5731,0,0
5732,0,0
5733,0,0
5734,0,0
5735,1,0
5736,1,0
5737,1,1
5738,0,0
5739,0,0
5740,0,1
5741,0,1
5742,0,0
5743,1,0
5744,0,0
5745,1,1
5746,0,0
5747,1,0
5748,0,1
5749,1,1
5750,1,0
5751,0,0
5752,0,1
5753,1,1
5754,1,1
5755,0,0
5756,0,1
5757,0,1
5758,0,0
5759,1,0
5760,0,0
5761,0,0
5762,0,0
5763,0,0
5764,1,0
5765,1,0
5766,0,1
5767,0,0
5768,1,1
5769,0,0
5770,0,0
5771,0,0
5772,1,0
5773,0,0
5774,0,0
5775,1,0
5776,0,0
5777,0,0
5778,0,0
5779,0,1
5780,1,1
5781,1,0
5782,0,0
5783,0,1
5784,0,0
5785,0,0
5786,0,0
5787,0,0
5788,0,0
5789,0,0
5790,0,0
5791,0,0
5792,1,1
5793,0,0
5794,0,0
5795,1,0
5796,0,0
5797,0,1
5798,0,0
5799,1,1
5800,0,0
5801,0,0
5802,1,0
5803,0,1
5804,1,0
5805,1,1
5806,0,1
5807,1,1
5808,1,0
5809,0,0
5810,1,1
5811,0,1
5812,1,0
5813,1,1
5814,1,1
5815,1,1
5816,0,0
5817,1,1
5818,0,0
5819,0,1
5820,0,0
5821,0,1
5822,1,1
5823,0,0
5824,0,0
5825,1,1
5826,0,1
5827,0,1
5828,0,1
5829,0,1
5830,1,1
5831,1,0
5832,0,0
5833,0,0
5834,1,0
5835,0,1
5836,0,1
5837,0,1
5838,0,0
5839,0,1
5840,0,0
5841,0,1
5842,0,0
5843,0,1
5844,0,0
5845,1,1
5846,1,1
5847,1,0
5848,1,1
5849,1,1
5850,1,1
5851,0,1
5852,0,1
5853,0,1
5854,1,1
5855,0,0
5856,1,1
5857,0,1
5858,0,0
5859,1,1
5860,0,1
5861,0,0
5862,0,0
5863,0,0
5864,1,0
5865,0,0
5866,0,0
5867,0,1
5868,0,0
5869,0,0
5870,1,0
5871,0,0
5872,1,1
5873,0,1
5874,0,0
5875,0,0
5876,0,0
5877,0,1
5878,0,0
5879,0,0
5880,0,0
5881,1,0
5882,1,0
5883,0,0
5884,1,1
5885,0,1
5886,0,0
5887,1,1
5888,0,0
5889,0,1
5890,0,0
5891,0,0
5892,0,0
5893,0,0
5894,0,0
5895,1,1
5896,1,0
5897,0,1
5898,1,0
5899,1,0
5900,0,1
5901,0,0
5902,0,1
5903,0,1
5904,0,1
5905,1,1
5906,1,1
5907,0,1
5908,0,0
5909,0,0
5910,0,0
5911,0,0
5912,0,1
5913,0,0
5914,1,1
5915,0,0
5916,0,1
5917,0,0
5918,1,1
5919,1,1
5920,1,1
5921,0,0
5922,1,1
5923,0,0
5924,0,0
5925,1,0
5926,1,0
5927,0,0
5928,0,0
5929,0,1
5930,1,1
5931,0,0
5932,1,1
5933,1,1
5934,1,1
5935,0,1
5936,1,1
5937,1,1
5938,1,0
5939,1,0
5940,0,0
5941,1,0
5942,0,0
5943,0,0
5944,0,1
5945,0,0
5946,1,0
5947,0,0
5948,1,1
5949,1,1
5950,0,0
5951,0,1
5952,0,1
5953,0,0
5954,1,1
5955,0,0
5956,1,1
5957,1,1
5958,0,0
5959,0,0
5960,1,1
5961,0,0
5962,0,0
5963,1,0
5964,0,0
5965,0,0
5966,0,0
5967,0,0
5968,1,1
5969,0,1
5970,0,1
5971,1,1
5972,0,0
5973,1,1
5974,1,1
5975,0,0
5976,1,1
5977,1,1
5978,1,1
5979,1,0
5980,0,0
5981,1,1
5982,1,1
5983,1,1
5984,1,1
5985,0,0
5986,0,1
5987,0,0
5988,0,0
5989,0,1
5990,0,0
5991,1,0
5992,0,0
5993,0,0
5994,1,1
5995,1,0
5996,0,1
5997,0,0
5998,0,1
5999,0,0
6000,0,0
6001,0,1
6002,0,0
6003,1,0
6004,0,0
6005,0,0
6006,0,1
6007,0,0
6008,0,0
6009,0,0
6010,0,0
6011,1,1
6012,0,0
6013,0,1
6014,0,1
6015,1,1
6016,0,0
6017,0,1
6018,0,0
6019,1,1
6020,0,1
6021,1,1
6022,0,0
6023,0,0
6024,0,0
6025,0,1
6026,0,0
6027,0,0
6028,0,0
6029,0,1
6030,0,0
6031,0,1
6032,1,1
6033,1,1
6034,0,0
6035,0,0
6036,0,0
6037,1,1
6038,0,0
6039,0,0
6040,0,1
6041,0,0
6042,0,1
6043,0,0
6044,0,0
6045,0,1
6046,1,1
6047,0,0
6048,1,1
6049,1,1
6050,1,0
6051,0,0
6052,0,0
6053,0,0
6054,1,0
6055,1,0
6056,1,0
6057,0,0
6058,1,0
6059,0,0
6060,0,0
6061,1,0
6062,1,0
6063,1,1
6064,0,0
6065,0,0
6066,0,0
6067,0,0
6068,1,0
6069,1,0
6070,0,0
6071,0,1
6072,0,0
6073,1,1
6074,0,1
6075,1,0
6076,0,0
6077,0,0
6078,1,0
6079,0,1
6080,0,0
6081,0,0
6082,1,1
6083,0,0
6084,1,0
6085,0,0
6086,0,1
6087,0,0
6088,1,0
6089,0,1
6090,0,1
6091,1,1
6092,1,1
6093,0,1
6094,1,1
6095,1,0
6096,1,1
6097,1,1
6098,1,1
6099,1,0
6100,1,1
6101,0,1
6102,0,1
6103,1,1
6104,0,1
6105,0,0
6106,1,1
6107,1,1
6108,1,1
6109,1,1
6110,0,1
6111,1,1
6112,1,1
6113,1,1
6114,1,1
6115,1,1
6116,1,1
6117,0,0
6118,1,1
6119,1,1
6120,0,0
6121,1,1
6122,1,1
6123,0,1
6124,0,1
6125,1,1
6126,1,1
6127,0,1
6128,1,0
6129,0,0
6130,1,1
6131,0,0
6132,0,0
6133,0,0
6134,0,0
6135,0,1
6136,0,0
6137,0,0
6138,0,1
6139,1,1
6140,1,1
6141,1,0
6142,1,1
6143,1,1
6144,1,1
6145,0,1
6146,1,1
6147,0,0
6148,1,0
6149,1,0
6150,0,0
6151,1,1
6152,1,0
6153,0,0
6154,0,0
6155,1,1
6156,1,1
6157,0,0
6158,1,1
6159,0,1
6160,1,1
6161,0,1
6162,0,1
6163,0,1
6164,0,1
6165,0,1
6166,0,0
6167,0,1
6168,0,1
6169,1,1
6170,1,1
6171,1,1
6172,0,1
6173,1,0
6174,0,1
6175,0,1
6176,1,1
6177,0,1
6178,0,0
6179,0,1
6180,0,0
6181,1,0
6182,1,0
6183,0,0
6184,1,0
6185,0,1
6186,0,0
6187,1,1
6188,1,0
6189,0,1
6190,1,1
6191,0,1
6192,0,1
6193,0,0
6194,0,1
6195,0,0
6196,0,0
6197,1,1
6198,0,0
6199,1,0
6200,0,0
6201,0,1
6202,0,0
6203,1,0
6204,0,0
6205,0,0
6206,0,0
6207,1,1
6208,0,1
6209,0,1
6210,0,0
6211,0,0
6212,0,0
6213,0,0
6214,0,0
6215,0,0
6216,1,1
6217,0,0
6218,1,1
6219,0,0
6220,0,0
6221,1,0
6222,0,1
6223,1,1
6224,0,1
6225,0,0
6226,0,0
6227,1,0
6228,1,0
6229,1,0
6230,1,0
6231,1,0
6232,0,0
6233,0,0
6234,0,0
6235,0,0
6236,0,0
6237,0,0
6238,1,0
6239,0,1
6240,1,1
6241,1,0
6242,1,1
6243,1,1
6244,1,1
6245,0,1
6246,1,1
6247,0,0
6248,0,0
6249,0,0
6250,1,1
6251,0,0
6252,0,0
6253,0,1
6254,0,0
6255,1,0
6256,1,1
6257,1,1
6258,0,0
6259,0,0
6260,1,1
6261,1,0
6262,0,0
6263,1,0
6264,1,1
6265,0,1
6266,0,1
6267,0,0
6268,1,0
6269,0,1
6270,0,0
6271,0,0
6272,0,0
6273,0,0
6274,0,0
6275,0,1
6276,0,0
6277,1,0
6278,0,1
6279,0,1
6280,1,0
6281,1,1
6282,1,1
6283,0,1
6284,0,1
6285,1,1
6286,1,0
6287,1,0
6288,0,0
6289,0,0
6290,1,1
6291,0,0
6292,0,1
6293,0,0
6294,0,0
6295,1,0
6296,1,0
6297,0,0
6298,1,0
6299,0,1
6300,0,1
6301,0,0
6302,0,1
6303,1,1
6304,1,1
6305,1,1
6306,0,0
6307,1,0
6308,0,1
6309,0,0
6310,1,1
6311,1,1
6312,0,1
6313,0,0
6314,0,1
6315,0,0
6316,0,0
6317,0,0
6318,1,0
6319,0,0
6320,1,1
6321,1,1
6322,1,1
6323,0,1
6324,0,0
6325,1,1
6326,0,0
6327,1,0
6328,0,1
6329,1,0
6330,0,1
6331,0,0
6332,0,0
6333,0,0
6334,1,0
6335,1,0
6336,1,1
6337,0,0
6338,1,0
6339,0,0
6340,1,0
6341,0,0
6342,1,1
6343,0,0
6344,0,0
6345,0,0
6346,0,0
6347,1,0
6348,0,1
6349,0,1
6350,0,0
6351,1,0
6352,1,1
6353,0,0
6354,1,0
6355,1,0
6356,1,1
6357,0,0
6358,0,0
6359,0,0
6360,0,0
6361,0,0
6362,1,0
6363,1,0
6364,0,0
6365,0,0
6366,1,0
6367,1,1
6368,0,0
6369,0,0
6370,0,0
6371,0,0
6372,0,1
6373,0,0
6374,0,1
6375,1,1
6376,0,0
6377,1,0
6378,1,0
6379,0,0
6380,0,0
6381,0,0
6382,0,0
6383,1,1
6384,0,0
6385,0,0
6386,0,0
6387,1,0
6388,0,0
6389,1,0
6390,0,0
6391,1,0
6392,0,0
6393,0,0
6394,0,0
6395,0,0
6396,0,0
6397,1,1
6398,1,1
6399,0,1
6400,0,0
6401,0,1
6402,0,0
6403,0,0
6404,1,1
6405,0,0
6406,1,1
6407,1,0
6408,0,1
6409,1,1
6410,1,1
6411,0,1
6412,0,0
6413,0,0
6414,0,0
6415,0,0
6416,0,0
6417,0,0
6418,0,0
6419,0,0
6420,0,0
6421,0,0
6422,1,1
6423,0,0
6424,0,0
6425,1,0
6426,0,1
6427,1,1
6428,1,1
6429,1,0
6430,0,0
6431,0,0
6432,0,0
6433,1,0
6434,0,0
6435,0,0
6436,0,0
6437,0,0
6438,0,0
6439,0,0
6440,0,1
6441,1,1
6442,0,0
6443,1,0
6444,1,1
6445,1,1
6446,0,1
6447,0,0
6448,0,1
6449,0,0
6450,1,0
6451,0,0
6452,0,0
6453,0,0
6454,0,0
6455,1,1
6456,0,0
6457,1,0
6458,0,0
6459,1,0
6460,0,1
6461,0,0
6462,0,0
6463,0,0
6464,0,0
6465,0,0
6466,0,0
6467,0,0
6468,0,0
6469,0,1
6470,0,0
6471,0,0
6472,1,1
6473,1,0
6474,1,1
6475,0,1
6476,1,0
6477,0,0
6478,0,0
6479,0,0
6480,0,0
6481,1,1
6482,1,1
6483,0,0
6484,0,1
6485,0,0
6486,0,0
6487,0,0
6488,0,0
6489,0,0
6490,1,0
6491,0,1
6492,0,0
6493,1,0
6494,0,0
6495,1,1
6496,0,0
6497,0,0
6498,1,0
6499,1,1
6500,1,0
6501,0,0
6502,0,0
6503,0,1
6504,1,1
6505,0,0
6506,1,1
6507,0,0
6508,0,0
6509,1,1
6510,0,0
6511,1,1
6512,1,1
6513,0,0
6514,0,0
6515,0,0
6516,1,1
6517,1,1
6518,1,0
6519,0,0
6520,0,0
6521,0,0
6522,0,0
6523,1,1
6524,0,0
6525,0,0
6526,0,0
6527,1,1
6528,0,0
6529,0,0
6530,0,0
6531,0,0
6532,0,0
6533,0,1
6534,0,0
6535,1,0
6536,0,0
6537,0,0
6538,0,0
6539,0,0
6540,0,0
6541,0,0
6542,0,0
6543,0,1
6544,1,1
6545,0,1
6546,0,1
6547,0,0
6548,1,1
6549,0,0
6550,0,0
6551,0,1
6552,0,1
6553,0,1
6554,0,1
6555,1,1
6556,1,1
6557,0,0
6558,0,0
6559,0,0
6560,0,0
6561,0,0
6562,1,0
6563,0,0
6564,0,0
6565,0,0
6566,1,0
6567,0,0
6568,0,0
6569,0,0
6570,0,1
6571,1,1
